{
  "hash": "88bca48e",
  "configHash": "3484da73",
  "lockfileHash": "62e94d9f",
  "browserHash": "24d6bd80",
  "optimized": {
    "@angular/core": {
      "src": "../../../../../../node_modules/@angular/core/fesm2022/core.mjs",
      "file": "@angular_core.js",
      "fileHash": "115ab163",
      "needsInterop": false
    },
    "@angular/platform-browser": {
      "src": "../../../../../../node_modules/@angular/platform-browser/fesm2022/platform-browser.mjs",
      "file": "@angular_platform-browser.js",
      "fileHash": "d19102e2",
      "needsInterop": false
    },
    "@angular/router": {
      "src": "../../../../../../node_modules/@angular/router/fesm2022/router.mjs",
      "file": "@angular_router.js",
      "fileHash": "7acd5678",
      "needsInterop": false
    },
    "@angular/common/http": {
      "src": "../../../../../../node_modules/@angular/common/fesm2022/http.mjs",
      "file": "@angular_common_http.js",
      "fileHash": "6495b971",
      "needsInterop": false
    }
  },
  "chunks": {
    "chunk-NE5GRSKR": {
      "file": "chunk-NE5GRSKR.js"
    },
    "chunk-AFTPGEFS": {
      "file": "chunk-AFTPGEFS.js"
    },
    "chunk-VEFH4ENC": {
      "file": "chunk-VEFH4ENC.js"
    }
  }
}